,date,sum_payment,sum_deposit,sum_balance,sum_balance_harmony,sum_balance_check,sum_balance_fastpay,index_value,dollar_value,sum_harmony_check
0,2022-12-10,4073419112446.0,4767786764878.0,4970608307216.0,709128882631.0,3364290029815.0,200000.0,1383737.5,369400.0,4073418912446.0
1,2022-12-11,4307587363720.0,6032790021607.0,5404447250468.0,1167876525483.0,3139710387465.0,450772.0,1389362.2,372400.0,4307586912948.0
2,2022-12-12,1924522115718.0,2289652134566.0,5625674874820.0,997460405281.0,927051116080.0,10594357.0,1409355.1,378300.0,1924511521361.0
3,2022-12-13,1638041991853.0,3539433394585.0,6457876067669.0,825837318990.0,812194911146.0,9761717.0,1454468.2,384266.6666666667,1638032230136.0
4,2022-12-14,3481603823048.0,4329098477984.0,7557583967183.0,928447397459.0,2552843597557.0,312828032.0,1472760.5,384833.3333333333,3481290995016.0
5,2022-12-17,2354625898580.0,3440416156333.0,7020057701355.0,879596056352.0,1475023340254.0,6501974.0,1469933.2,392733.3333333333,2354619396606.0
6,2022-12-18,2532992353373.0,2296177135829.0,7638742616246.0,1341005321500.0,1191983981873.0,3050000.0,1500241.8,393933.3333333333,2532989303373.0
7,2022-12-19,3178077546986.0,2905212705972.0,7438516714003.0,1270153446992.0,1907902849994.0,21250000.0,1500908.6,395600.0,3178056296986.0
8,2022-12-20,2676705323072.0,1774263129416.0,7226031027650.0,1272496667494.0,1404158355578.0,50300000.0,1492095.1,393000.0,2676655023072.0
9,2022-12-21,2729198568866.0,1755277631074.0,6062910100755.0,1148761022360.0,1579866504374.0,571042132.0,1496200.8,394866.6666666667,2728627526734.0
10,2022-12-24,1447595764911.0,3009130301549.0,8233323084649.0,801201105554.0,646384659357.0,10000000.0,1538003.2,404500.0,1447585764911.0
11,2022-12-25,2638826235907.0,3223365322711.0,10596686623080.0,1594000382668.0,1044116071845.0,709781394.0,1563567.4,409200.0,2638116454513.0
12,2022-12-26,2718052592972.0,2836615624112.0,10854322336842.0,1341148534665.0,1376073858307.0,830200000.0,1576396.8,415333.3333333333,2717222392972.0
13,2022-12-28,2608321272476.0,3024264832282.0,10929192276714.0,1267616923702.0,1338219348774.0,2485000000.0,1647314.5,435000.0,2605836272476.0
14,2022-12-31,2618819833996.0,3180422082827.0,13381151334024.0,1401615703266.0,1216213730730.0,990400000.0,1590495.5,403266.6666666667,2617829433996.0
15,2023-01-01,4279493671682.0,2995346795185.0,12098090494146.0,2031222701504.0,2248134336309.0,136633869.0,1564365.7,406900.0,4279357037813.0
16,2023-01-02,5174987563837.0,3689098405456.0,12455038308252.0,1516142195754.0,3658611484600.0,233883483.0,1593285.0,403033.3333333333,5174753680354.0
17,2023-01-03,3150393526223.0,2034495066360.0,11572906195256.0,2162665063262.0,987724925961.0,3537000.0,1591353.9,401433.3333333333,3150389989223.0
18,2023-01-04,2577077424293.0,6461954973438.0,14202305167367.0,1363631373808.0,1212486548099.0,959502386.0,1579119.3,397433.3333333333,2576117921907.0
19,2023-01-07,2452592497653.0,14941181432226.0,22279035075513.0,1837745703841.0,613878586999.0,968206813.0,1598061.4,410200.0,2451624290840.0
20,2023-01-08,2565523130766.0,4722107614381.0,13684831484720.0,1595769250288.0,967188999546.0,2564880932.0,1635229.2,413233.3333333333,2562958249834.0
21,2023-01-09,3144894318893.0,7752370121836.0,14216211591689.0,1485906544113.0,1656493220370.0,2494554410.0,1646905.8,406900.0,3142399764483.0
22,2023-01-10,2537909746122.0,3467131584423.0,12409507072039.0,1334677354559.0,1201572805276.0,1659586287.0,1668186.9,409166.6666666667,2536250159835.0
23,2023-01-11,2259932253970.0,2772681769877.0,11664484119752.0,1659640794028.0,598457854515.0,1833605427.0,1652087.0,410133.3333333333,2258098648543.0
24,2023-01-14,1980077186237.0,2525989707058.0,11042255180941.0,1366845183529.0,606906514289.0,6325488419.0,1643714.0,409433.3333333333,1973751697818.0
25,2023-01-15,3074451936005.0,1119526002574.0,-634639353411.0,2241750085933.0,831445861347.0,1255988725.0,1643714.0,409800.0,3073195947280.0
26,2023-01-17,3193808710651.0,3001624980033.0,12997425011715.0,1931288495748.0,1261340400089.0,1179814814.0,1687047.7,416733.3333333333,3192628895837.0
27,2023-01-18,3261561217582.0,2194884847039.0,12729902051386.0,2192350258451.0,1063812987465.0,5397971666.0,1689144.1,426500.0,3256163245916.0
28,2023-01-21,2057992670151.0,18587199698641.0,28923356627219.0,1401850089958.0,648882331652.0,7260248541.0,1657576.7,444333.3333333333,2050732421610.0
29,2023-01-22,3135399929136.0,2957049512003.0,14135537295241.0,2053084339759.0,1075998084126.0,6317505251.0,1652924.5,450433.3333333333,3129082423885.0
30,2023-01-23,3211355049172.0,2984672885858.0,11997830472031.0,2329995170964.0,874091608518.0,7268269690.0,1653948.6,448000.0,3204086779482.0
31,2023-01-24,4008598310274.0,4759680085761.0,12414695341595.0,2963920226200.0,1042636947020.0,2041137054.0,1646053.5,439566.6666666667,4006557173220.0
32,2023-01-25,2815095177944.0,3186180307045.0,12192387934543.0,1857629056800.0,951646170161.0,5819950983.0,1611955.9,436800.0,2809275226961.0
33,2023-01-28,2139907633714.0,2548767666903.0,11656816142220.0,1585100720407.0,552923693716.0,1883219591.0,1600083.7,441200.0,2138024414123.0
34,2023-01-29,4153395641417.0,2852320255355.0,12367378236446.0,2893239330979.0,1255387749992.0,4768560446.0,1542190.7,444100.0,4148627080971.0
35,2023-01-30,3527737899052.0,2761590988799.0,11229684067975.0,1955821877134.0,1568270744743.0,3645277175.0,1539679.6,445466.6666666667,3524092621877.0
36,2023-01-31,2761384772466.0,1802774207807.0,11566450448810.0,1736935846172.0,1015471767996.0,8977158298.0,1556551.9,445366.6666666667,2752407614168.0
37,2023-02-01,2882943085545.0,2249330746527.0,10475913949548.0,1932412190107.0,939414601652.0,11116293786.0,1557244.0,446700.0,2871826791759.0
38,2023-02-05,2378291261657.0,1708623227853.0,8701665854390.0,1651073040025.0,711919760939.0,15298460693.0,1540189.2,447266.6666666667,2362992800964.0
39,2023-02-06,4890488570403.0,1839732524966.0,7548773713620.0,3585851965531.0,1295886616498.0,8749988374.0,1537859.1,448400.0,4881738582029.0
40,2023-02-07,2977412744755.0,2825164373810.0,7337438687300.0,1947638737442.0,1024415496693.0,5358510620.0,1556525.8,444066.6666666667,2972054234135.0
41,2023-02-08,2981136067938.0,2744874725211.0,7978258446055.0,1976785487306.0,996411289512.0,7939291120.0,1558081.6,445000.0,2973196776818.0
42,2023-02-12,3337226611317.0,2126666597233.0,8128609817373.0,2909159545419.0,417982399350.0,10084666548.0,1545978.3,457466.6666666667,3327141944769.0
43,2023-02-13,6516988304100.0,3920773688247.0,9398339768376.0,5170606625972.0,1331628569060.0,14753109068.0,1548278.2,457200.0,6502235195032.0
44,2023-02-14,3903287348958.0,3097380619235.0,8073044559200.0,2122617186347.0,1771118425310.0,9551737301.0,1537961.7,459900.0,3893735611657.0
45,2023-02-15,5310248323857.0,3985722991045.0,7473693955973.0,3978847957337.0,1317322225221.0,14078141299.0,1524795.0,468833.3333333333,5296170182558.0
46,2023-02-19,3721820161681.0,3111538449396.0,8481600569806.0,2239394658652.0,1462625172750.0,19800330279.0,1533366.5,487100.0,3702019831402.0
47,2023-02-20,7106181442337.0,5096485619451.0,10811928378648.0,4118812851504.0,2970482695416.0,16885895417.0,1594262.9,498166.6666666667,7089295546920.0
48,2023-02-21,2980327460486.0,3506269210800.0,12607313668837.0,1949355016295.0,1012288351924.0,18684092267.0,1659416.5,497100.0,2961643368219.0
49,2023-02-22,7202649766998.0,3027848704559.0,11989798529309.0,6046881840764.0,1142322329275.0,13445596959.0,1656593.4,507500.0,7189204170039.0
50,2023-02-25,2899965817301.0,5411983249700.0,12828507832430.0,2037829372032.0,830606278012.0,31530167257.0,1738782.3,557566.6666666666,2868435650044.0
51,2023-02-26,5071138293453.0,5854051005535.0,17659225792444.0,3906949279799.0,1141875805976.0,22313207678.0,1804300.2,579666.6666666666,5048825085775.0
52,2023-02-27,4197708754515.0,5255986134752.0,17455267233751.0,3220783105695.0,949054807205.0,27870841615.0,1809073.8,579333.3333333334,4169837912900.0
53,2023-02-28,4987533917592.0,5504418474375.0,15123555016130.0,3488190995917.0,1478443882488.0,20899039187.0,1838119.4,567000.0,4966634878405.0
54,2023-03-01,4105270611566.0,8259543736123.0,12881757859756.0,2972844594542.0,1107257938686.0,25168078338.0,1821771.1,540333.3333333334,4080102533228.0
55,2023-03-04,3155852799926.0,3506005435355.0,12720230927461.0,2450100910912.0,675593244306.0,30158644708.0,1788214.7,544333.3333333334,3125694155218.0
56,2023-03-05,4752174007928.0,3195907030395.0,11520314587293.0,3084146360526.0,1626436830966.0,41590816436.0,1795955.2,522000.0,4710583191492.0
57,2023-03-06,4005447783291.0,3407618913741.0,11012843731269.0,2669923595513.0,1268710625922.0,66813561856.0,1785669.8,496666.6666666667,3938634221435.0
58,2023-03-07,5642543036467.0,3511276895695.0,10977852092176.0,3916331593284.0,1571217747693.0,154993695490.0,1817611.5,502333.3333333333,5487549340977.0
59,2023-03-11,3356529433366.0,3233300035691.0,11071259473972.0,2501230100471.0,718855069779.0,136444263116.0,1816738.8,449000.0,3220085170250.0
60,2023-03-12,9861385537717.0,5769853153387.0,11327414725888.0,6364003371294.0,3371087954370.0,126294212053.0,1783197.0,441666.6666666667,9735091325664.0
61,2023-03-13,6756466072085.0,7139315729240.0,12912043212471.0,5031586040191.0,1563326832421.0,161553199473.0,1781632.1,454000.0,6594912872612.0
62,2023-03-14,5652127380443.0,6449923968518.0,20376112586717.0,3754225625732.0,1747010975737.0,150890778974.0,1782987.7,467666.6666666667,5501236601469.0
63,2023-03-15,4222020849930.0,7791492890518.0,20700296798938.0,500324128795.0,3555551712778.0,166145008357.0,1820987.6,467833.3333333333,4055875841573.0
64,2023-03-18,3977350170054.0,18905607432865.0,20165756685834.0,2677203135985.0,1210723411424.0,89423622645.0,1905745.0,470833.3333333333,3887926547409.0
65,2023-03-19,6841445067287.0,6453794641284.0,15299890677132.0,3459107744015.0,3231844163024.0,150493160248.0,1960457.4,479166.6666666667,6690951907039.0
66,2023-03-25,4768428440781.0,5319265196099.0,13362337446959.0,4262692032996.0,427289125725.0,78447282060.0,1998281.4,508500.0,4689981158721.0
67,2023-03-26,2469691264756.0,3977637402295.0,13090053341393.0,1491172806002.0,909609161778.0,68909296976.0,2018760.3,508666.6666666667,2400781967780.0
68,2023-03-27,2758043317872.0,2775769793692.0,13111104690169.0,2307544390212.0,395976469185.0,54522458475.0,2029198.2,512666.6666666667,2703520859397.0
69,2023-03-28,2700621316447.0,3206220296937.0,14562472259385.0,1759027642982.0,885362903152.0,56230770313.0,2044408.5,520333.3333333333,2644390546134.0
70,2023-03-29,3047492276829.0,3877623757098.0,15682445981137.0,1859032769453.0,1117541843897.0,70917663479.0,2078712.3,535333.3333333334,2976574613350.0
71,2023-04-03,1249768749168.0,3258547292077.0,17207797804681.0,813708305677.0,378126705997.0,57933737494.0,2089951.3,521833.3333333333,1191835011674.0
72,2023-04-04,6491355382847.0,7994284812548.0,18022971012561.0,1860283978386.0,4561028719437.0,70042685024.0,2119105.9,507500.0,6421312697823.0
73,2023-04-05,2917981391684.0,4617058905037.0,23363718709684.0,1070033671439.0,1754744401307.0,93203318938.0,2137464.9,507666.6666666667,2824778072746.0
74,2023-04-08,2777364977916.0,5048780947817.0,25728118913398.0,1670087585312.0,1047585845936.0,59691546668.0,2202385.5,510000.0,2717673431248.0
75,2023-04-09,3598343705021.0,4534071086667.0,25772887302597.0,2129916137928.0,1405347089267.0,63080477826.0,2212643.0,506000.0,3535263227195.0
76,2023-04-10,3226215117172.0,3789043195643.0,21537505680563.0,2378597117741.0,790021792921.0,57596206510.0,2190307.2,502100.0,3168618910662.0
77,2023-04-11,2837750771003.0,4332133946256.0,19993730086278.0,1634118751329.0,1123260097122.0,80371922552.0,2179922.1,510333.3333333333,2757378848451.0
78,2023-04-15,2585315183514.0,3922375520765.0,22215390262540.0,2047719899795.0,468512491406.0,69082792313.0,2253946.4,510666.6666666667,2516232391201.0
79,2023-04-16,4412235533936.0,4516984902754.0,22566463786004.0,3135824559729.0,1213797101063.0,62613873144.0,2275066.7,510500.0,4349621660792.0
80,2023-04-17,5204532463612.0,3977652932285.0,20358343687126.0,3899890924401.0,1235046973152.0,69594566059.0,2289287.4,515000.0,5134937897553.0
81,2023-04-18,3196937337050.0,5368065346218.0,22022797569708.0,2045616020130.0,1066643777463.0,84677539457.0,2325437.4,515333.3333333333,3112259797593.0
82,2023-04-19,4876704287672.0,6889473040794.0,22279685596742.0,3012152500042.0,1751002045213.0,113549742417.0,2324132.7,517833.3333333333,4763154545255.0
83,2023-04-24,2460815422626.0,6114677463654.0,23337342033340.0,1471614924965.0,830364539502.0,158835958159.0,2326494.3,516500.0,2301979464467.0
84,2023-04-25,4638618451868.0,5053034769185.0,22719062609951.0,2781347799139.0,1737518275509.0,119752377220.0,2368712.3,518000.0,4518866074648.0
85,2023-04-26,4850756639586.0,4514523770975.0,21209040400522.0,3308209698857.0,1405315091417.0,137231849312.0,2365287.0,522500.0,4713524790274.0
86,2023-04-29,3131501651869.0,6064779403612.0,23272219751188.0,1762256136579.0,1263240497680.0,106005017610.0,2438553.0,544333.3333333334,3025496634259.0
87,2023-04-30,5538013254099.0,6571859239647.0,25607716560167.0,2891076457379.0,2529617625072.0,117319171648.0,2479339.7,547500.0,5420694082451.0
88,2023-05-01,5089084445752.0,4627723475749.0,22959419361695.0,3226986003743.0,1760574400113.0,101524041896.0,2480639.9,555833.3333333334,4987560403856.0
89,2023-05-02,3986565493655.0,5053689591602.0,21957986902977.0,1965670912609.0,1905375723022.0,115518858024.0,2518331.8,548500.0,3871046635631.0
90,2023-05-03,3804894089760.0,227523347441.0,15153557017080.0,2659265241570.0,1033022865875.0,112605982315.0,2514673.4,541500.0,3692288107445.0
91,2023-05-06,4739832216194.0,7343245959443.0,22106130773388.0,3716878664511.0,932882228260.0,90071323423.0,2535236.5,534833.3333333334,4649760892771.0
92,2023-05-07,4545648527455.0,4723910364215.0,21992071502552.0,3056813271508.0,1366243836954.0,122591418993.0,2440167.5,528500.0,4423057108462.0
93,2023-05-08,4258939329240.0,4264403192597.0,18584547199573.0,3284497092145.0,852636274565.0,121805962530.0,2314408.4,533166.6666666666,4137133366710.0
94,2023-05-09,4640178513314.0,4924950103518.0,21516263009069.0,3727318898314.0,775583156522.0,137276458478.0,2305838.4,533166.6666666666,4502902054836.0
95,2023-05-10,5167287169534.0,5113217372626.0,25705562187534.0,4187063884260.0,838631733704.0,141591551570.0,2277713.1,529666.6666666666,5025695617964.0
96,2023-05-13,5235543451078.0,3384096147840.0,21958365569216.0,4305180659408.0,875979224795.0,54383566875.0,2214024.3,521833.3333333333,5181159884203.0
97,2023-05-14,6421292677062.0,2866049241207.0,19288880220373.0,4801274003073.0,1488633350097.0,131385323892.0,2285904.0,517333.3333333333,6289907353170.0
98,2023-05-15,5020520066251.0,2757511462727.0,22757771977521.0,3622320521277.0,1239878837188.0,158320707786.0,2301380.1,519000.0,4862199358465.0
99,2023-05-17,7250820069898.0,1977189717836.0,17693095892598.0,5888421525998.0,1166553387579.0,195845156321.0,2321336.1,513333.3333333333,7054974913577.0
100,2023-05-20,4270112037410.0,4112222632943.0,19115212756094.0,3037073561727.0,1124186437850.0,108852037833.0,2297985.8,513666.6666666667,4161259999577.0
101,2023-05-21,4431001167371.0,3157684172954.0,16996157297714.0,2961784502295.0,1376220590580.0,92996074496.0,2302705.5,518333.3333333333,4338005092875.0
102,2023-05-22,5216300663347.0,5285802517514.0,17573900467663.0,3943041413730.0,1184863084305.0,88396165312.0,2318506.5,523500.0,5127904498035.0
103,2023-05-23,4247331952231.0,3001638055305.0,14397199253637.0,2541893159796.0,1620739679040.0,84699113395.0,2330799.1,523000.0,4162632838836.0
104,2023-05-24,3239378270200.0,2985945409145.0,13318847229548.0,1836091580617.0,1293589510840.0,109697178743.0,2345967.5,518333.3333333333,3129681091457.0
105,2023-05-27,2994496782265.0,3614984037308.0,17047067342919.0,1729912417606.0,1154762640149.0,109821724510.0,2311221.8,519333.3333333333,2884675057755.0
106,2023-05-28,3736873186795.0,2444124683317.0,15403585008541.0,2492461427882.0,1132160230708.0,112251528205.0,2257012.8,517166.6666666667,3624621658590.0
107,2023-05-29,3099815012876.0,4838119999275.0,17647917262880.0,1201935026491.0,1801761855512.0,96118130873.0,2275394.7,516333.3333333333,3003696882003.0
108,2023-05-30,4493652182382.0,3702881802585.0,13726453802893.0,2897942524908.0,1492450231814.0,103259425660.0,2288427.1,514333.3333333333,4390392756722.0
109,2023-05-31,9484056232994.0,1977859080953.0,9696754698652.0,3193684007159.0,6158402921050.0,131969304785.0,2271042.4,510333.3333333333,9352086928209.0
110,2023-06-03,3520217046219.0,2775766706344.0,8102066960707.0,2718288983989.0,728548770443.0,73379291787.0,2279681.8,510500.0,3446837754432.0
111,2023-06-06,4637370849603.0,3503535768369.0,10024119068341.0,3723855423952.0,797927263143.0,115588162508.0,2289549.0,510500.0,4521782687095.0
112,2023-06-07,3922542369007.0,4271456928305.0,9027328998211.0,2802968740743.0,1010283569221.0,109290059043.0,2288439.0,501333.3333333333,3813252309964.0
113,2023-06-10,2488467333537.0,3131351816669.0,9712881415286.0,1696896331606.0,686805940988.0,104765060943.0,2215058.3,494333.3333333333,2383702272594.0
114,2023-06-11,4141184497077.0,3800476663853.0,17508937389121.0,2803572581777.0,1246145784199.0,91466131101.0,2208212.5,474333.3333333333,4049718365976.0
115,2023-06-12,5381047108691.0,4279335286196.0,19274901813690.0,3150469543426.0,2112471996917.0,118105568348.0,2145415.7,478666.6666666667,5262941540343.0
116,2023-06-13,3613197018022.0,4586712216857.0,15736943341766.0,1502675202194.0,2012353657089.0,98168158739.0,2155197.7,493666.6666666667,3515028859283.0
117,2023-06-14,4050188876483.0,4274685946703.0,9611739515409.0,2183931627649.0,1735829497618.0,130427751216.0,2182106.9,492833.3333333333,3919761125267.0
118,2023-06-17,2389226462364.0,4442288046188.0,10858107716369.0,1340869627307.0,920328277048.0,128028558009.0,2182812.2,494500.0,2261197904355.0
119,2023-06-18,4375401981106.0,4122202319666.0,10164565070202.0,2331339965626.0,1931414379760.0,112647635720.0,2162916.9,494166.6666666667,4262754345386.0
120,2023-06-19,6381746219553.0,3460993094558.0,10006412157800.0,2871399444134.0,3391860721946.0,118486053473.0,2164226.3,488500.0,6263260166080.0
121,2023-06-20,9052784868441.0,3220543130427.0,8122753091082.0,2651927656547.0,6269682747507.0,131174464387.0,2166947.4,488666.6666666667,8921610404054.0
122,2023-06-21,4122944476578.0,3675034375817.0,11222373366943.0,2061211898968.0,1914351916524.0,147380661086.0,2173893.4,487500.0,3975563815492.0
123,2023-06-24,1609600175871.0,3568586395960.0,12430643130882.0,878429066994.0,581896944622.0,149274164255.0,2162616.3,506500.0,1460326011616.0
124,2023-06-25,3811750423128.0,3455425860762.0,12205077972536.0,2365753546501.0,1306974574387.0,139022302240.0,2189601.7,501833.3333333333,3672728120888.0
125,2023-06-26,3180119764652.0,2829634328263.0,12669291412954.0,1817202945727.0,1233291179962.0,129625638963.0,2196127.8,498000.0,3050494125689.0
126,2023-06-27,2435594330718.0,4148307228674.0,14425422397103.0,957618884047.0,1335378416177.0,142597030494.0,2168205.3,493666.6666666667,2292997300224.0
127,2023-06-28,4447570005232.0,3115612656701.0,11315691925121.0,3407288643141.0,895679984550.0,144601377541.0,2153410.6,492500.0,4302968627691.0
128,2023-07-01,3287953444861.0,3860288606246.0,6246913068557.0,2397260036891.0,759740565974.0,130952841996.0,2143914.9,499000.0,3157000602865.0
129,2023-07-02,2731968649163.0,2071371807822.0,7043227045816.0,1657135172356.0,947639377225.0,127194099582.0,2157377.1,500500.0,2604774549581.0
130,2023-07-03,3092036245429.0,2952880216071.0,8040095448661.0,1854797946370.0,1138559989760.0,98678309299.0,2183405.5,503166.6666666667,2993357936130.0
131,2023-07-04,2759179430180.0,3083573206275.0,9530460484025.0,1837553931294.0,819987183325.0,101638315561.0,2202092.5,501833.3333333333,2657541114619.0
132,2023-07-05,4304704414075.0,2254256560737.0,8334514033667.0,2768465647275.0,1402433424804.0,133805341996.0,2202657.0,502500.0,4170899072079.0
133,2023-07-08,2997507234385.0,2591511127003.0,8433689882670.0,2099116668998.0,771243770748.0,127146794639.0,2195133.0,501500.0,2870360439746.0
134,2023-07-09,3323417778404.0,2240427257796.0,6042594064177.0,2371559028539.0,827202555344.0,124656194521.0,2176359.0,498666.6666666667,3198761583883.0
135,2023-07-10,2950345848422.0,2217568534878.0,5244795946241.0,2174091316722.0,668525776626.0,107728755074.0,2158533.9,498333.3333333333,2842617093348.0
136,2023-07-11,2785339390979.0,3223669226460.0,6426307056338.0,1744083085086.0,940964478923.0,100291826970.0,2128378.4,493166.6666666667,2685047564009.0
137,2023-07-12,2885997081716.0,2721083190714.0,6335976087645.0,1905268174308.0,854431682987.0,126297224421.0,2071404.3,492000.0,2759699857295.0
138,2023-07-15,3177708002644.0,2967632336393.0,6628630229717.0,2244607896858.0,804049995022.0,129050110764.0,2070890.3,490500.0,3048657891880.0
139,2023-07-16,3877304526742.0,2173200834391.0,5933845815854.0,2614518990949.0,1130554569753.0,132230966040.0,2021297.6,487833.3333333333,3745073560702.0
140,2023-07-17,3137317914003.0,2158812172312.0,5274471156988.0,1709435273181.0,1314482797209.0,113399843613.0,1956634.0,492000.0,3023918070390.0
141,2023-07-18,2629438372242.0,2634336750326.0,7322470474139.0,1622014003745.0,907288297193.0,100136071304.0,1999719.9,490333.3333333333,2529302300938.0
142,2023-07-19,3055038675845.0,2334109641738.0,9852508351192.0,2011274353703.0,899632931906.0,144131390236.0,2016385.6,486500.0,2910907285609.0
143,2023-07-22,2464246113959.0,2008477734374.0,8876734829899.0,1511336759813.0,837030906688.0,115878447458.0,1983133.6,487000.0,2348367666501.0
144,2023-07-23,3858301729937.0,6421840689620.0,11030740895624.0,2411875748357.0,1299692785724.0,146733195856.0,1976944.9,483833.3333333333,3711568534081.0
145,2023-07-24,3840902678978.0,2805702572345.0,5480498967031.0,2959962752236.0,750177684816.0,130762241926.0,1998459.3,484166.6666666667,3710140437052.0
146,2023-07-25,2702097857092.0,2503873370723.0,5206722409250.0,1807385804560.0,759598392889.0,135113659643.0,2001897.1,487833.3333333333,2566984197449.0
147,2023-07-26,2617660228760.0,2148817701310.0,4335760240433.0,1715093513165.0,740376619752.0,162190095843.0,2000525.2,490333.3333333333,2455470132917.0
148,2023-07-29,1691189349597.0,3211107380496.0,4837712215255.0,961957138593.0,564791748343.0,164440462661.0,1996755.9,491166.6666666667,1526748886936.0
149,2023-07-30,3460723664969.0,2318423280797.0,3858906951302.0,2599234608390.0,734496420879.0,126992635700.0,1967667.5,490333.3333333333,3333731029269.0
150,2023-07-31,1878030328895.0,2702057311543.0,4035848150444.0,1293047140191.0,471416725126.0,113566463578.0,1973910.2,492000.0,1764463865317.0
151,2023-08-01,2621443281966.0,2792645916224.0,5088957491471.0,1483241157722.0,975457406536.0,162744717708.0,1993659.2,500666.6666666667,2458698564258.0
152,2023-08-05,4474913511825.0,3641835521121.0,4827871549456.0,4267874404028.0,96391901771.0,110647206026.0,2033048.1,497000.0,4364266305799.0
153,2023-08-06,2888271303328.0,3451312861490.0,6166176155199.0,1697261654037.0,1035176278885.0,155833370406.0,2040011.7,497000.0,2732437932922.0
154,2023-08-07,3564226182564.0,3822358392187.0,8366915385859.0,2527893564708.0,916536856410.0,119795761446.0,2051072.7,496666.6666666667,3444430421118.0
155,2023-08-08,3362101585836.0,1995158791485.0,7538378597405.0,2431784360681.0,795014823846.0,135302401309.0,2037869.3,495000.0,3226799184527.0
156,2023-08-09,2725726479629.0,2574280509759.0,5848014248326.0,1689326908268.0,908249332793.0,128150238568.0,2036985.5,496333.3333333333,2597576241061.0
157,2023-08-12,1821989290157.0,2335548156647.0,4673220996471.0,1316875999194.0,387165520266.0,117947770697.0,1989639.8,486500.0,1704041519460.0
158,2023-08-13,2733135962837.0,4276048221291.0,5620692122311.0,1863932415326.0,729205286065.0,139998261446.0,1987917.9,492666.6666666667,2593137701391.0
159,2023-08-14,2379419247571.0,2552428216716.0,5940167929629.0,1663264259151.0,582942396278.0,133212592142.0,1997030.3,494166.6666666667,2246206655429.0
160,2023-08-15,2630664016307.0,2069040553847.0,4902131366653.0,1974042910045.0,538731064501.0,117890041761.0,1978182.8,494166.6666666667,2512773974546.0
